@name,nameUi,area,controller,controller_1890,controller_1900,controller_1910,controller_1920,controller_1930,controller_1940,claim,isHome,type,development,port,population,oilDiscoveryYear,oilDiscoveryBaseChance,oilCapacity,oilReservesInTurns,revoltChance,provinceArmyPercentage,ProvinceDefenderBonus,neighbour_provinces
bulgaria,Bulgaria,b_sea,austria,austria,austria,austria,austria,austria,austria,bulgaria,0,colony,3.20000005,10000,-1,1930,5,150,100,7,0450000018,2,"central_balkans, eastern_rumelia, northern_greece, romania, serbia"
eastern_rumelia,Eastern Rumelia,b_sea,greece,greece,greece,greece,greece,greece,greece,bulgaria,0,colony,3.29999995,10000,-1,-1,0,0,0,7,0450000018,2,"bosporus, bulgaria, central_balkans, northern_greece"
ukraine,Ukraine,b_sea,russia,russia,russia,russia,russia,russia,russia,ukraine,1,home,12,90000,-1,1920,5,900,200,7,0299999993,2,"belarus, central_russia, crimaia, eastern_poland, galicia, hungary, moldova, northern_russia, romania, southern_russia"
belarus,Belarus,b_sea,russia,russia,russia,russia,russia,russia,russia,belarus,1,home,8,0,-1,1930,1,100,100,7,0299999993,2,"central_russia, eastern_poland, latvia, lithuania, northern_russia, ukraine"
moldova,Moldova,b_sea,russia,russia,russia,russia,russia,russia,russia,moldova,1,home,2,90000,-1,1930,1,100,100,7,0125000002,2,"romania, ukraine"
georgia,Georgia,b_sea,russia,russia,russia,russia,russia,russia,russia,georgia,1,home,3,90000,-1,1930,1,100,100,7,0125000002,2,"armenia, azerbaijan, eastern_turkey, northern_turkey, southern_russia"
armenia,Armenia,b_sea,russia,russia,russia,russia,russia,russia,russia,armenia,1,home,2,90000,-1,1930,1,110,100,7,0125000002,2,"azerbaijan, eastern_turkey, georgia, persia"
azerbaijan,Azerbaijan,b_sea,russia,russia,russia,russia,russia,russia,russia,azerbaijan,1,home,1.75,90000,-1,1890,100,200,1000,7,0125000002,2,"armenia, georgia, persia, southern_russia"
romania,Romania,b_sea,austria,austria,austria,austria,austria,austria,austria,romania,0,colony,4.4000001,20000,-1,1930,1,100,100,7,0299999993,2,"bulgaria, hungary, moldova, serbia, ukraine"
northern_turkey,Northern Turkey,b_sea,greece,greece,greece,greece,greece,greece,greece,greece,1,home,9,80000,-1,1930,1,150,100,6,0.119999997,2,"bosporus, eastern_turkey, georgia, southern_turkey, western_turkey"
corsica,Corsica,medit2,france,france,france,france,france,france,france,corsica,0,colony,2,4000,-1,-1,0,0,0,2.5,0125000002,2,
cyprus,Cyprus,medit,britain,britain,britain,britain,britain,britain,britain,cyprus,0,colony,3,25000,-1,-1,0,0,0,6,0125000002,3,
gibraltar,Gibraltar,medit2,britain,britain,britain,britain,britain,britain,britain,gibraltar,0,colony,0.400000006,35000,-1,-1,0,0,0,2.5,0125000002,2,southern_spain
palestine,Palestine,medit,greece,greece,greece,greece,britain,britain,britain,palestine,0,colony,4,40000,-1,-1,0,0,0,12,00999999978,3,"lebanon, north_egypt, syria, transjordania"
northwest_italy,Northwest Italy,medit2,italy,italy,italy,italy,italy,italy,italy,italy,1,home,21,120000,-1,1925,5,200,100,7,0299999993,2,"central_italy, northeast_italy, southern_france, switzerland"
lebanon,Lebanon,medit,greece,greece,greece,greece,france,france,france,lebanon,0,colony,3,15000,-1,-1,0,0,0,7,0125000002,3,"palestine, syria"
sardinia,Sardinia,medit2,italy,italy,italy,italy,italy,italy,italy,italy,1,home,4,15000,-1,-1,0,0,0,2.5,0125000002,2,
western_sicily,Western Sicily,medit2,italy,italy,italy,italy,italy,italy,italy,italy,1,home,5,25000,-1,-1,0,0,0,2.5,0299999993,2,eastern_sicily
southern_spain,Southern Spain,medit2,spain,spain,spain,spain,spain,spain,spain,spain,1,home,10,85000,-1,-1,0,0,0,2.5,0299999993,2,"gibraltar, northern_spain, portugal, southern_france, western_france, western_spain"
southern_france,Southern France,medit2,france,france,france,france,france,france,france,france,1,home,30,75000,-1,-1,0,0,0,2.5,0299999993,2,"northern_france, northwest_italy, southern_spain, switzerland, western_france"
syria,Syria,medit,greece,greece,greece,greece,france,france,france,syria,0,colony,5,20000,-1,1930,4,400,100,10,0299999993,3,"eastern_turkey, iraq, lebanon, palestine, southern_turkey, transjordania"
southern_turkey,Southern Turkey,medit,greece,greece,greece,greece,greece,greece,greece,greece,1,home,6,45000,-1,-1,0,0,0,7,0.119999997,2,"eastern_turkey, northern_turkey, syria, western_turkey"
bermuda,Bermuda,n_am_east,britain,britain,britain,britain,britain,britain,britain,bermuda,0,colony,1.39999998,10000,-1,-1,0,0,0,2.5,0125000002,2,
eastern_usa,Eastern USA,n_am_east,usa,usa,usa,usa,usa,usa,usa,usa,1,home,30,120000,-1,1890,100,950,350,2.5,0299999993,2,"canadian_prairies, central_canada, central_usa, maine, southeastern_seaboard"
maine,Maine,n_am_east,usa,usa,usa,usa,usa,usa,usa,usa,1,home,5,30000,-1,-1,0,0,0,2.5,0299999993,2,"canadian_prairies, central_canada, eastern_usa, new_brunswick"
new_brunswick,New Brunswick,n_am_east,britain,britain,britain,britain,britain,britain,britain,canada,0,colony,5,30000,-1,-1,0,0,0,2.5,0125000002,2,"canadian_prairies, central_canada, maine, nova_scotia"
nova_scotia,Nova Scotia,n_am_east,britain,britain,britain,britain,britain,britain,britain,canada,0,colony,5,35000,-1,-1,0,0,0,2.5,0125000002,2,new_brunswick
southeastern_seaboard,Southeastern Seaboard,n_am_east,usa,usa,usa,usa,usa,usa,usa,usa,1,home,30,120000,-1,1890,100,950,500,2.5,0125000002,2,"central_usa, eastern_usa, gulf_coast"
british_columbia,British Columbia,alaska_gulf,britain,britain,britain,britain,britain,britain,britain,canada,0,colony,5,25000,-1,-1,0,0,0,2.5,0125000002,2,"canadian_prairies, central_usa, eastern_aleutians, northern_canada, southern_alaska, western_usa"
eastern_aleutians,Eastern Aleutians,alaska_gulf,usa,usa,usa,usa,usa,usa,usa,eastern_aleutians,0,colony,1.5,20000,-1,1925,2,400,100,2.5,0125000002,2,"british_columbia, southern_alaska"
hawaii,Hawaii,s_pacific,usa,usa,usa,usa,usa,usa,usa,hawaii,0,colony,1,20000,-1,-1,0,0,0,2.5,0125000002,2,
western_usa,Western USA,n_am_west,usa,usa,usa,usa,usa,usa,usa,usa,1,home,30,120000,-1,1930,5,1250,500,2.5,0125000002,2,"british_columbia, canadian_prairies, central_usa, gulf_coast, northeast_mexico, western_mexico"
latvia,Latvia,baltic,russia,russia,russia,russia,russia,russia,russia,latvia,1,home,3,120000,-1,-1,0,0,0,5,0299999993,2,"belarus, central_russia, esthonia, lithuania, northern_russia"
lithuania,Lithuania,baltic,russia,russia,russia,russia,russia,russia,russia,lithuania,1,home,3,120000,-1,-1,0,0,0,5,0299999993,2,"belarus, latvia, prussia"
prussia,Prussia,baltic,germany,germany,germany,germany,germany,germany,germany,poland,1,home,10,180000,-1,1925,2,400,100,5,0299999993,3,"eastern_poland, lithuania, poland"
central_russia,Central Russia,baltic,russia,russia,russia,russia,russia,russia,russia,russia,1,home,12,150000,-1,1925,15,2500,2500,7,0299999993,3,"belarus, esthonia, kazakhstan, latvia, northern_russia, siberian_russia, southern_finland, southern_russia, ukraine"
southern_russia,Southern Russia,b_sea,russia,russia,russia,russia,russia,russia,russia,russia,1,home,12,150000,-1,1890,100,500,1500,7,0299999993,2,"azerbaijan, central_russia, georgia, kazakhstan, northern_russia, ukraine"
belgium,Belgium,n_sea,netherlands,netherlands,netherlands,netherlands,netherlands,netherlands,netherlands,belgium,0,home,11,45000,-1,-1,0,0,0,2.5,0199999996,2,"luxembourg, netherlands, northern_france, western_germany"
eastern_germany,Eastern Germany,baltic,germany,germany,germany,germany,germany,germany,germany,germany,1,home,34,180000,-1,1925,5,500,100,7,0299999993,3,"bohemia-moravia, denmark, eastern_denmark, poland, southern_germany, western_denmark, western_germany"
western_germany,Western Germany,n_sea,germany,germany,germany,germany,germany,germany,germany,germany,1,home,42,100000,-1,1890,100,800,1500,7,0299999993,3,"belgium, eastern_denmark, eastern_germany, luxembourg, netherlands, southern_germany, western_denmark"
netherlands,Netherlands,n_sea,netherlands,netherlands,netherlands,netherlands,netherlands,netherlands,netherlands,netherlands,1,home,17,40000,-1,-1,0,0,0,7,0299999993,3,"belgium, western_germany"
heligoland,Heligoland,n_sea,germany,germany,germany,germany,germany,germany,germany,heligoland,0,colony,1,25000,-1,-1,0,0,0,2.5,0125000002,3,
scotland,Scotland,n_sea,britain,britain,britain,britain,britain,britain,britain,scotland,1,home,35,130000,-1,-1,0,0,0,7,0500000007,2,"north_east_england, north_west_england"
north_west_england,Northwest England,irish_sea,britain,britain,britain,britain,britain,britain,britain,britain,1,home,30,120000,-1,1890,100,200,300,7,0299999993,2,"eastern_england, north_east_england, scotland, wales"
north_east_england,Northeast England,n_sea,britain,britain,britain,britain,britain,britain,britain,britain,1,home,30,120000,-1,1890,100,300,300,7,0299999993,2,"eastern_england, north_west_england, scotland"
eastern_england,Eastern England,n_sea,britain,britain,britain,britain,britain,britain,britain,britain,1,home,30,120000,-1,1890,100,550,500,7,0299999993,2,"north_east_england, north_west_england, southern_england, wales"
southern_england,Southern England,english_channel,britain,britain,britain,britain,britain,britain,britain,britain,1,home,50,120000,-1,1895,100,750,500,7,0299999993,2,"eastern_england, wales"
northern_france,Northern France,english_channel,france,france,france,france,france,france,france,france,1,home,40,95000,-1,1890,100,400,500,7,0299999993,2,"belgium, luxembourg, southern_france, southern_germany, switzerland, western_france"
wales,Wales,irish_sea,britain,britain,britain,britain,britain,britain,britain,wales,1,home,25,25000,-1,-1,0,0,0,7,0299999993,2,"eastern_england, north_west_england, southern_england"
western_france,Western France,biscaic,france,france,france,france,france,france,france,france,1,home,31,100000,-1,-1,0,0,0,7,0299999993,2,"northern_france, northern_spain, southern_france, southern_spain"
ireland,Ireland,irish_sea,britain,britain,britain,britain,britain,britain,britain,ireland,1,colony,19,55000,-1,-1,0,0,0,15,0299999993,2,
northern_spain,Northern Spain,biscaic,spain,spain,spain,spain,spain,spain,spain,spain,1,home,10,80000,-1,1930,5,400,300,7,0299999993,2,"portugal, southern_spain, western_france, western_spain"
western_spain,Western Spain,n_atlantic,spain,spain,spain,spain,spain,spain,spain,spain,1,home,8,65000,-1,-1,0,0,0,7,0299999993,2,"northern_spain, portugal, southern_spain"
portugal,Portugal,n_atlantic,portugal,portugal,portugal,portugal,portugal,portugal,portugal,portugal,1,home,5,95000,-1,-1,0,0,0,15,0350000001,3,"northern_spain, southern_spain, western_spain"
azores,Azores,n_atlantic,portugal,portugal,portugal,portugal,portugal,portugal,portugal,azores,1,colony,1,20000,-1,-1,0,0,0,2.5,0125000002,2,
madeira,Madeira,n_atlantic,portugal,portugal,portugal,portugal,portugal,portugal,portugal,madeira,1,home,1.25,7000,-1,-1,0,0,0,2.5,0125000002,2,
morocco,Morocco,n_atlantic,spain,spain,spain,spain,france,france,france,morocco,0,country,5,20000,-1,1920,5,325,200,15,0125000002,2,"northern_algeria, southern_algeria, western_sahara"
western_sahara,Western Sahara,n_atlantic,spain,spain,spain,spain,spain,spain,spain,western_sahara,0,colony,2.5,10000,-1,-1,0,0,0,10,0125000002,2,"mauritania, morocco, southern_algeria"
canary_islands,Canary Islands,n_atlantic,spain,spain,spain,spain,spain,spain,spain,canary_islands,0,colony,2.9000001,12000,-1,-1,0,0,0,2.5,0125000002,2,
iceland,Iceland,denmark_strait,scandinavia,scandinavia,scandinavia,scandinavia,scandinavia,scandinavia,scandinavia,iceland,0,colony,2,8000,-1,1925,2,300,100,2.5,0125000002,2,
kamchatka,Kamchatka,ne_asia,russia,russia,russia,russia,russia,russia,russia,kamchatka,0,colony,4,30000,-1,1925,2,300,100,7,0125000002,2,"eastern_siberia, southern_siberia"
kiautschou_bay,Kiautschou Bay,yellow_sea,germany,germany,germany,germany,china,china,japan,china,1,colony,4,30000,-1,1925,2,30,100,7,0125000002,2,"northeast_china, weihaiwei"
liaodong_peninsula,Liaodong Peninsula,yellow_sea,china,china,japan,japan,japan,japan,japan,china,1,home,4.5,45000,-1,-1,0,0,0,7,0125000002,2,"manchuria, northeast_china, northeast_korea, northwest_korea"
russian_far_east,Russian Far East,japan_sea,russia,russia,russia,russia,russia,russia,russia,russia,1,home,8.5,40000,-1,1925,2,500,100,7,0125000002,2,"manchuria, siberian_russia, southern_siberia"
penghu,Penghu,east_asia,china,china,japan,japan,japan,japan,japan,china,1,colony,3,35000,-1,1925,2,300,100,7,0250000004,2,
weihaiwei,Weihaiwei,yellow_sea,china,china,britain,britain,britain,britain,china,china,0,colony,4,40000,-1,1925,2,300,100,7,0125000002,2,"kiautschou_bay, northeast_china"
argentina,Argentina,s_am_east,spain,spain,spain,spain,spain,spain,spain,spain,1,colony,9,45000,-1,1930,5,600,300,7,0299999993,2,"bolivia, chile, paraguay, south_brazil, uruguay"
falkland_islands,Falkland Islands,s_am_east,britain,britain,britain,britain,britain,britain,britain,britain,0,colony,0.200000003,30000,-1,1925,1,160,100,2.5,0125000002,2,
sgssi,SGSSI,s_am_east,britain,britain,britain,britain,britain,britain,britain,britain,0,colony,0.100000001,20000,-1,1920,0.200000003,200,500,2.5,0125000002,2,
uruguay,Uruguay,s_am_east,spain,spain,spain,spain,spain,spain,spain,uruguay,0,colony,6,4000,-1,1925,2,200,100,7,0299999993,2,"argentina, paraguay, south_brazil"
chile,Chile,s_am_west,spain,spain,spain,spain,spain,spain,spain,chile,1,colony,6,4000,-1,1925,2,200,100,7,0299999993,2,"argentina, bolivia, peru"
ecuador,Ecuador,s_am_west,spain,spain,spain,spain,spain,spain,spain,ecuador,0,colony,5.19999981,3000,-1,1917,5,300,400,7,0125000002,2,"peru, southern_colombia"
galápagos_islands,Galápagos Islands,s_am_west,spain,spain,spain,spain,spain,spain,spain,ecuador,0,colony,0.100000001,3000,-1,-1,0,0,0,2.5,0125000002,2,
peru,Peru,s_am_west,spain,spain,spain,spain,spain,spain,spain,peru,0,colony,6,3000,-1,1890,100,140,400,7,0125000002,2,"bolivia, chile, ecuador, north_brazil, south_brazil"
southern_colombia,Southern Colombia,s_am_west,spain,spain,spain,spain,spain,spain,spain,colombia,0,colony,6,15000,-1,1916,5,400,400,7,0125000002,2,"ecuador, north_brazil, northern_colombia, venezuela"
cook_islands,Cook Islands,s_pacific,britain,britain,britain,britain,britain,britain,britain,cook_islands,0,colony,0.5,10000,-1,-1,0,0,0,2.5,0125000002,2,
eastern__samoa,Eastern  Samoa,s_pacific,usa,usa,usa,usa,usa,usa,usa,samoa,0,colony,0.699999988,5000,-1,-1,0,0,0,2.5,0125000002,2,
marquesas_islands,Marquesas Islands,s_pacific,france,france,france,france,france,france,france,marquesas_islands,0,colony,0.100000001,3000,-1,-1,0,0,0,2.5,0125000002,2,
french_polynesia,French Polynesia,s_pacific,france,france,france,france,france,france,france,french_polynesia,0,colony,1.75,3000,-1,-1,0,0,0,2.5,0125000002,2,
easter_island,Easter Island,s_pacific,spain,spain,spain,spain,spain,spain,spain,chile,0,colony,0.100000001,6000,-1,-1,0,0,0,2.5,0125000002,2,
pitcairn_islands,Pitcairn Islands,s_pacific,britain,britain,britain,britain,britain,britain,britain,pitcairn_islands,0,colony,1,6000,-1,-1,0,0,0,2.5,0125000002,2,
eastern_gilbert_&_ellice_islands,Eastern Gilbert & Ellice Islands,s_pacific,britain,britain,britain,britain,britain,britain,britain,kiribati,0,colony,1,5000,-1,-1,0,0,0,2.5,0125000002,2,
western_samoa,Western Samoa,s_pacific,germany,germany,germany,germany,britain,britain,britain,samoa,0,colony,0.300000012,5000,-1,-1,0,0,0,2.5,0125000002,2,
fiji,Fiji,s_pacific,britain,britain,britain,britain,britain,britain,britain,fiji,0,colony,1.79999995,15000,-1,-1,0,0,0,2.5,0125000002,2,
marshall_islands,Marshall Islands,s_pacific,germany,germany,germany,germany,japan,japan,japan,marshall_islands,0,colony,1,15000,-1,1925,1,100,100,2.5,0125000002,2,
western_gilbert_&_ellice_islands,Western Gilbert & Ellice Islands,s_pacific,britain,britain,britain,britain,britain,britain,britain,kiribati,0,colony,1,15000,-1,-1,0,0,0,2.5,0125000002,2,
new_caledonia,New Caledonia,s_pacific,france,france,france,france,france,france,france,new_caledonia,0,colony,2.70000005,10000,-1,1925,1,100,100,2.5,0125000002,2,
vanuatu,Vanuatu,s_pacific,britain,britain,britain,britain,britain,britain,britain,vanuatu,0,colony,1,13000,-1,-1,0,0,0,2.5,0125000002,2,
annam,Annam,se_asia,france,france,france,france,france,france,france,north_vietnam,0,colony,7,26000,-1,1925,2,300,200,2.5,0125000002,2,"cambodia, cochinchina, laos, tonkin"
borneo,Borneo,indonesian_sea,netherlands,netherlands,netherlands,netherlands,netherlands,netherlands,netherlands,borneo,0,colony,5,2000,-1,1930,5,900,500,2.5,0125000002,2,"brunei, north_borneo, sarawak"
north_borneo,North Borneo,se_asia,britain,britain,britain,britain,britain,britain,britain,malaysia,0,colony,3,1500,-1,1925,10,600,500,2.5,0125000002,2,"borneo, brunei, sarawak"
sarawak,Sarawak,se_asia,britain,britain,britain,britain,britain,britain,britain,malaysia,0,colony,3,1000,-1,1908,10,600,500,2.5,0125000002,2,"borneo, brunei, north_borneo"
brunei,Brunei,se_asia,britain,britain,britain,britain,britain,britain,britain,brunei,0,colony,2.70000005,1000,-1,1897,10,600,500,2.5,0125000002,2,"borneo, north_borneo, sarawak"
cochinchina,Cochinchina,se_asia,france,france,france,france,france,france,france,south_vietnam,0,colony,6,45000,-1,1925,2,400,200,2.5,0125000002,2,"annam, cambodia"
formosa,Formosa,east_asia,china,china,japan,japan,japan,japan,japan,taiwan,0,colony,7,17000,-1,-1,0,0,0,2.5,0125000002,2,
hong_kong,Hong Kong,se_asia,britain,britain,britain,britain,britain,britain,britain,china,0,colony,4,60000,-1,-1,0,0,0,2.5,0125000002,2,southern_china
sulawesi,Sulawesi,indonesian_sea,netherlands,netherlands,netherlands,netherlands,netherlands,netherlands,netherlands,indonesia,0,colony,4,30000,-1,1895,10,400,500,2.5,0125000002,2,
moluccas,Moluccas,indonesian_sea,netherlands,netherlands,netherlands,netherlands,netherlands,netherlands,netherlands,indonesia,0,colony,3,20000,-1,1925,2,200,100,2.5,0125000002,2,
java,Java,indonesian_sea,netherlands,netherlands,netherlands,netherlands,netherlands,netherlands,netherlands,indonesia,0,colony,7.5,35000,-1,1890,100,500,500,2.5,0125000002,2,
kwang-chou-wan,Kwang-Chou-Wan,se_asia,france,france,france,france,france,france,france,china,1,colony,5,15000,-1,-1,0,0,0,2.5,0125000002,2,southern_china
malaya,Malaya,se_asia,britain,britain,britain,britain,britain,britain,britain,malaysia,0,colony,5,15000,-1,1908,10,300,500,7,0125000002,2,"burma, singapore, thailand"
singapore,Singapore,se_asia,britain,britain,britain,britain,britain,britain,britain,singapore,0,colony,3.5,25000,-1,-1,0,0,0,2.5,0125000002,2,malaya
sumatra,Sumatra,se_asia,netherlands,netherlands,netherlands,netherlands,netherlands,netherlands,netherlands,sumatra,0,colony,6,5000,-1,1895,10,500,500,4,0125000002,2,
thailand,Thailand,se_asia,france,france,france,france,france,france,france,thailand,0,colony,9,15000,-1,-1,0,0,0,7,0125000002,2,"burma, cambodia, laos, malaya"
cambodia,Cambodia,se_asia,france,france,france,france,france,france,france,cambodia,0,colony,4.5,15000,-1,1925,1,200,100,7,0125000002,2,"annam, cochinchina, thailand"
tonga,Tonga,s_pacific,britain,britain,britain,britain,britain,britain,britain,tonga,0,colony,0.800000012,10000,-1,1925,1,200,100,7,0125000002,2,
tonkin,Tonkin,se_asia,france,france,france,france,france,france,france,north_vietnam,0,colony,3.70000005,10000,-1,1925,1,200,100,7,0125000002,2,"annam, laos, southern_china"
gulf_coast,Gulf Coast,mex_coast,usa,usa,usa,usa,usa,usa,usa,usa,1,home,12,100000,-1,1900,10,1750,1000,7,0125000002,2,"central_usa, northeast_mexico, southeastern_seaboard, western_mexico, western_usa"
dutch_antilles,Dutch Antilles,caribbean,netherlands,netherlands,netherlands,netherlands,netherlands,netherlands,netherlands,antilles,0,colony,3,15000,-1,-1,0,0,0,2.5,0125000002,2,
french_antilles,French Antilles,caribbean,france,france,france,france,france,france,france,antilles,0,colony,4,15000,-1,-1,0,0,0,7,0125000002,2,
cayman_islands,Cayman Islands,caribbean,britain,britain,britain,britain,britain,britain,britain,jamaica,0,colony,0.200000003,10000,-1,-1,0,0,0,7,0125000002,2,
costa_rica,Costa Rica,caribbean,spain,spain,spain,spain,spain,spain,spain,costa_rica,0,colony,5,25000,-1,-1,0,0,0,7,0125000002,2,"nicaragua, panama"
cuba,Cuba,caribbean,spain,spain,spain,spain,spain,spain,spain,cuba,0,colony,10,75000,-1,-1,0,0,0,7,0125000002,2,guantanamo
dominican_republic,Dominican Republic,caribbean,spain,spain,spain,spain,spain,spain,spain,dominican_republic,0,colony,6,15000,-1,-1,0,0,0,7,0125000002,2,haiti
grand_bahama,Grand Bahama,caribbean,britain,britain,britain,britain,britain,britain,britain,grand_bahama,0,colony,5,15000,-1,-1,0,0,0,7,0125000002,2,
guantanamo,Guantanamo,caribbean,spain,spain,usa,usa,usa,usa,usa,cuba,0,colony,0.100000001,25000,-1,-1,0,0,0,7,0125000002,2,"cuba, "
british_guiana,British Guiana,caribbean,britain,britain,britain,britain,britain,britain,britain,guyana,0,colony,4,3000,-1,-1,0,0,0,7,0125000002,2,"north_brazil, suriname, venezuela"
haiti,Haiti,caribbean,spain,spain,spain,spain,spain,spain,spain,haiti,0,colony,4,3000,-1,-1,0,0,0,7,0125000002,2,dominican_republic
honduras,Honduras,caribbean,spain,spain,spain,spain,spain,spain,spain,honduras,0,colony,3.5,3000,-1,-1,0,0,0,7,0125000002,2,"british_honduras, el_salvador, nicaragua"
jamaica,Jamaica,caribbean,britain,britain,britain,britain,britain,britain,britain,jamaica,0,colony,5,7000,-1,-1,0,0,0,7,0125000002,2,
new_providence,New Providence,caribbean,britain,britain,britain,britain,britain,britain,britain,new_providence,0,colony,4,4000,-1,-1,0,0,0,7,0125000002,2,
nicaragua,Nicaragua,caribbean,spain,spain,spain,spain,spain,spain,spain,nicaragua,0,colony,4,4000,-1,-1,0,0,0,7,0125000002,2,"costa_rica, honduras"
northern_colombia,Northern Colombia,caribbean,spain,spain,spain,spain,spain,spain,spain,colombia,0,colony,10,22000,-1,1916,5,700,400,7,0125000002,2,"panama, southern_colombia, venezuela"
panama,Panama,caribbean,usa,usa,usa,usa,usa,usa,usa,panama,0,colony,3,30000,-1,-1,0,0,0,2.5,0125000002,2,"costa_rica, northern_colombia"
puerto_rico,Puerto Rico,caribbean,spain,spain,usa,usa,usa,usa,usa,puerto_rico,0,colony,6,25000,-1,-1,0,0,0,2.5,0125000002,2,
british_antilles,British Antilles,caribbean,britain,britain,britain,britain,britain,britain,britain,antilles,0,colony,2.20000005,10000,-1,-1,0,0,0,7,0125000002,2,
trinidad,Trinidad,caribbean,britain,britain,britain,britain,britain,britain,britain,trinidad,0,colony,3.5,18000,-1,-1,0,0,0,7,0125000002,2,
venezuela,Venezuela,caribbean,spain,spain,spain,spain,spain,spain,spain,venezuela,0,colony,7,40000,-1,1912,5,4500,500,7,0125000002,2,"british_guiana, north_brazil, northern_colombia, southern_colombia"
virgin_islands,Virgin Islands,caribbean,scandinavia,scandinavia,scandinavia,usa,usa,usa,usa,virgin_islands,0,colony,3,20000,-1,-1,0,0,0,2.5,0125000002,2,
turks_&_caicos_islands,Turks & Caicos Islands,caribbean,britain,britain,britain,britain,britain,britain,britain,caicos,0,colony,1.75,6000,-1,-1,0,0,0,2.5,0125000002,2,
french_guiana,French Guiana,caribbean,france,france,france,france,france,france,france,french_guiana,0,colony,3,20000,-1,-1,0,0,0,2.5,0125000002,2,"north_brazil, suriname"
suriname,Suriname,caribbean,netherlands,netherlands,netherlands,netherlands,netherlands,netherlands,netherlands,suriname,0,colony,4,1000,-1,-1,0,0,0,2.5,0125000002,2,"british_guiana, french_guiana, north_brazil"
angola,Angola,w_africa,portugal,portugal,portugal,portugal,portugal,portugal,portugal,angola,0,colony,5,15000,-1,1930,9,0,120,7,00449999981,2,"congo_free_state, middle_congo, northern_rhodesia, southwest_africa"
southwest_africa,Southwest Africa,s_atlantic,germany,germany,germany,germany,britain,britain,britain,namibia,0,colony,5,20000,-1,-1,0,0,0,7,0125000002,2,"angola, bechuanaland, south_africa"
south_africa,South Africa,s_atlantic,britain,britain,britain,britain,britain,britain,britain,south_africa,0,colony,6,15000,-1,-1,0,0,0,7,0125000002,2,"basutoland, bechuanaland, mozambique, orange_free_state, southern_rhodesia, southwest_africa, swaziland, transvaal"
cameroon,Cameroon,w_africa,germany,germany,germany,germany,france,france,france,cameroon,0,colony,4,25000,-1,1930,4,175,75,7,0125000002,2,"central_african_republic, chad, congo_free_state, equatorial_guinea, middle_congo, nigeria"
congo_free_state,Congo Free State,w_africa,netherlands,netherlands,netherlands,netherlands,netherlands,netherlands,netherlands,zaire,0,colony,6.69999981,5000,-1,-1,0,0,0,7,0013,2,"angola, burundi, cameroon, central_african_republic, chad, gabon, middle_congo, northern_rhodesia, portuguese_congo, rwanda, south_sudan, tanganyika, uganda"
dahomey,Dahomey,w_africa,france,france,france,france,france,france,france,dahomey,0,colony,4,7000,-1,-1,0,0,0,7,0125000002,2,"niger, nigeria, togoland, upper_volta"
gabon,Gabon,w_africa,france,france,france,france,france,france,france,gabon,0,colony,3.70000005,4000,-1,-1,0,0,0,7,0125000002,2,"congo_free_state, equatorial_guinea, middle_congo"
gambia,Gambia,c_atlantic,britain,britain,britain,britain,britain,britain,britain,gambia,0,colony,3,6000,-1,-1,0,0,0,7,0125000002,2,"french_guinea, senegal"
gold_coast,Gold Coast,w_africa,britain,britain,britain,britain,britain,britain,britain,ghana,0,colony,5.80000019,12000,-1,-1,0,0,0,7,0125000002,2,"ivory_coast, togoland, upper_volta"
equatorial_guinea,Equatorial Guinea,w_africa,spain,spain,spain,spain,spain,spain,spain,equatorial_guinea,0,colony,4,6000,-1,-1,0,0,0,7,0125000002,2,"cameroon, gabon"
portuguese_guinea,Portuguese Guinea,c_atlantic,portugal,portugal,portugal,portugal,portugal,portugal,portugal,guinea_bissau,0,colony,5,12000,-1,-1,0,0,0,7,0125000002,2,"french_guinea, senegal"
french_guinea,French Guinea,c_atlantic,france,france,france,france,france,france,france,cayenne,0,colony,5.9000001,14000,-1,-1,0,0,0,7,0125000002,2,"french_sudan, gambia, ivory_coast, liberia, portuguese_guinea, senegal, sierra_leone, upper_volta"
ivory_coast,Ivory Coast,w_africa,france,france,france,france,france,france,france,ivory_coast,0,colony,6,17000,-1,1930,4,175,75,7,0125000002,2,"french_guinea, french_sudan, gold_coast, liberia, upper_volta"
liberia,Liberia,c_atlantic,usa,usa,usa,usa,usa,usa,usa,liberia,0,colony,4,3000,-1,1930,4,175,75,7,0125000002,2,"french_guinea, ivory_coast, sierra_leone"
mauritania,Mauritania,c_atlantic,france,france,france,france,france,france,france,mauritania,0,colony,2,15000,-1,-1,0,0,0,7,0125000002,2,"french_sudan, senegal, southern_algeria, western_sahara"
middle_congo,Middle Congo,w_africa,france,france,france,france,france,france,france,congo,0,colony,4,12000,-1,-1,0,0,0,7,0125000002,2,"angola, cameroon, central_african_republic, congo_free_state, gabon, portuguese_congo"
nigeria,Nigeria,w_africa,britain,britain,britain,britain,britain,britain,britain,nigeria,0,colony,7,36000,-1,1927,5,1550,1500,7,0125000002,2,"cameroon, chad, dahomey, niger"
senegal,Senegal,c_atlantic,france,france,france,france,france,france,france,senegal,0,colony,5,10000,-1,-1,0,0,0,7,0125000002,2,"french_guinea, french_sudan, gambia, mauritania, portuguese_guinea"
sierra_leone,Sierra Leone,c_atlantic,britain,britain,britain,britain,britain,britain,britain,sierra_leone,0,colony,4,3000,-1,-1,0,0,0,7,0125000002,2,"french_guinea, liberia"
togoland,Togoland,w_africa,germany,germany,germany,germany,france,france,france,ghana,0,colony,5.69999981,20000,-1,1930,4,125,75,7,0125000002,2,"dahomey, gold_coast, upper_volta"
cape_verde,Cape Verde,c_atlantic,portugal,portugal,portugal,portugal,portugal,portugal,portugal,cape_verde,0,colony,2,7500,-1,-1,0,0,0,2.5,0125000002,2,
french_sudan,French Sudan,c_atlantic,france,france,france,france,france,france,france,mali,0,colony,4,0,-1,-1,0,0,0,7,0125000002,2,"french_guinea, ivory_coast, mauritania, niger, senegal, southern_algeria, upper_volta"
niger,Niger,w_africa,france,france,france,france,france,france,france,niger,0,colony,3,0,-1,-1,0,0,0,7,0125000002,2,"chad, dahomey, fezzan-ghadames, french_sudan, nigeria, southern_algeria, upper_volta"
upper_volta,Upper Volta,w_africa,france,france,france,france,france,france,france,upper_volta,0,colony,3.4000001,0,-1,-1,0,0,0,7,0125000002,2,"dahomey, french_guinea, french_sudan, gold_coast, ivory_coast, niger, togoland"
chad,Chad,w_africa,france,france,france,france,france,france,france,chad,0,colony,2.5,0,-1,-1,0,0,0,7,0125000002,2,"cameroon, central_african_republic, congo_free_state, cyrenaica, fezzan-ghadames, niger, nigeria, sudan"
central_african_republic,Central African Republic,w_africa,france,france,france,france,france,france,france,central_african_republic,0,colony,2.20000005,0,-1,-1,0,0,0,7,0125000002,2,"cameroon, chad, congo_free_state, middle_congo, south_sudan, sudan"
central_usa,Central USA,n_am_west,usa,usa,usa,usa,usa,usa,usa,usa,1,home,30,0,-1,1890,100,1000,500,7,0125000002,2,"british_columbia, canadian_prairies, central_canada, eastern_usa, gulf_coast, southeastern_seaboard, western_usa"
bolivia,Bolivia,s_am_west,spain,spain,spain,spain,spain,spain,spain,bolivia,0,colony,4,0,-1,-1,0,0,0,7,0125000002,2,"argentina, chile, north_brazil, paraguay, peru, south_brazil"
paraguay,Paraguay,s_am_west,spain,spain,spain,spain,spain,spain,spain,paraguay,0,colony,3,0,-1,-1,0,0,0,7,0125000002,2,"argentina, bolivia, south_brazil, uruguay"
bechuanaland,Bechuanaland,s_atlantic,britain,britain,britain,britain,britain,britain,britain,botswana,0,colony,3.5,0,-1,-1,0,0,0,2.5,0125000002,2,"south_africa, southern_rhodesia, southwest_africa"
luxembourg,Luxembourg,n_sea,netherlands,netherlands,netherlands,netherlands,netherlands,netherlands,netherlands,luxembourg,0,home,4.5,0,-1,-1,0,0,0,2.5,0599999987,2,"belgium, northern_france, southern_germany, western_germany"
southern_germany,Southern Germany,n_sea,germany,germany,germany,germany,germany,germany,germany,germany,1,home,25,0,-1,-1,0,0,0,7,0299999993,2,"austria, bohemia-moravia, eastern_germany, luxembourg, northern_france, switzerland, western_germany"
transjordania,Transjordania,medit,greece,greece,greece,greece,greece,greece,greece,jordan,0,colony,3.5999999,0,-1,-1,0,0,0,7,0125000002,2,"arabia, hejaz, iraq, palestine, syria"
mongolia,Mongolia,japan_sea,china,china,china,china,china,china,v,mongolia,0,colony,2,0,-1,-1,0,0,0,7,0125000002,3,"northern_china, siberian_russia, xinjiang"
manchuria,Manchuria,japan_sea,china,china,china,china,china,china,japan,china,1,home,7,0,-1,1930,15,2000,2000,7,0125000002,2,"liaodong_peninsula, northeast_korea, northern_china, russian_far_east"
siberian_russia,Siberian Russia,οkhotsk_sea,russia,russia,russia,russia,russia,russia,russia,russia,1,home,7.5,0,-1,1925,15,4000,2000,2.5,0125000002,5,"central_russia, china, eastern_siberia, kazakhstan, mongolia, northern_russia, russian_far_east, southern_siberia, xinjiang"
laos,Laos,se_asia,france,france,france,france,france,france,france,laos,0,colony,2.70000005,0,-1,-1,0,0,0,10,0299999993,3,"annam, burma, southern_china, thailand, tonkin"
bosporus,Bosporus,b_sea,greece,greece,greece,greece,greece,greece,greece,greece,1,home,8,80000,-1,-1,0,0,0,2.5,0299999993,2,"dardanelles, eastern_rumelia, northern_greece, northern_turkey"
eastern_turkey,Eastern Turkey,b_sea,greece,greece,greece,greece,greece,greece,greece,greece,1,home,9,80000,-1,1930,1,150,100,6,0.119999997,2,"armenia, georgia, iraq, northern_turkey, persia, southern_turkey, syria, western_turkey"
northern_ireland,Northern Ireland,irish_sea,britain,britain,britain,britain,britain,britain,britain,ireland,1,home,20,25000,-1,-1,0,0,0,15,0299999993,2,
northern_china,Northern China,yellow_sea,china,china,china,china,china,china,china,china,1,home,11,0,-1,1890,100,1500,2000,15,0149999997,2,"central_china, manchuria, mongolia, northeast_china, xinjiang"
northeast_china,Northeast China,yellow_sea,china,china,china,china,china,china,china,china,1,home,20,120000,-1,1890,100,2000,2000,7,0149999997,2,"central_china, eastern_china, kiautschou_bay, liaodong_peninsula, northern_china, weihaiwei"
eastern_china,Eastern China,east_asia,china,china,china,china,china,china,china,china,1,home,25,120000,-1,1890,100,2000,2000,7,0149999997,2,"central_china, northeast_china, southern_china"
central_china,Central China,east_asia,china,china,china,china,china,china,china,china,1,home,10,0,-1,1930,1,200,1000,7,0149999997,2,"eastern_china, northeast_china, northern_china, southern_china, tibet, xinjiang"
southern_china,Southern China,se_asia,china,china,china,china,china,china,china,china,1,home,15,75000,-1,1920,5,1750,2000,7,0149999997,2,"burma, central_china, eastern_china, hong_kong, kwang-chou-wan, laos, tonkin"
north_hokkaido,North Hokkaido,japan_sea,japan,japan,japan,japan,japan,japan,japan,japan,1,home,2,45000,-1,-1,0,0,0,7,0125000002,3,south_hokkaido
south_hokkaido,South Hokkaido,ne_asia,japan,japan,japan,japan,japan,japan,japan,japan,1,home,3,45000,-1,-1,0,0,0,7,0125000002,3,north_hokkaido
north_honshu,North Honshu,japan_sea,japan,japan,japan,japan,japan,japan,japan,japan,1,home,11,145000,-1,-1,0,0,0,7,0125000002,3,south_honshu
south_honshu,South Honshu,ne_asia,japan,japan,japan,japan,japan,japan,japan,japan,1,home,13,145000,-1,-1,0,0,0,7,0125000002,3,north_honshu
kyushu,Kyushu,east_asia,japan,japan,japan,japan,japan,japan,japan,japan,1,home,3,145000,-1,-1,0,0,0,7,0125000002,3,
shikoku,Shikoku,ne_asia,japan,japan,japan,japan,japan,japan,japan,japan,1,home,2.5,145000,-1,-1,0,0,0,7,0125000002,3,
okinawa_islands,Okinawa Islands,east_asia,japan,japan,japan,japan,japan,japan,japan,japan,1,home,1.5,45000,-1,-1,0,0,0,7,0125000002,3,
southern_alaska,Southern Alaska,alaska_gulf,usa,usa,usa,usa,usa,usa,usa,alaska,0,colony,1,25000,-1,1930,5,950,400,2.5,0125000002,2,"british_columbia, eastern_aleutians, northern_alaska, northern_canada"
eastern_siberia,Eastern Siberia,bering_sea,russia,russia,russia,russia,russia,russia,russia,russia,1,home,0.400000006,0,-1,1930,1,1000,500,2.5,0125000002,5,"kamchatka, siberian_russia, southern_siberia"
northern_alaska,Northern Alaska,bering_sea,usa,usa,usa,usa,usa,usa,usa,alaska,1,home,0.5,0,-1,1930,3,1000,500,2.5,0125000002,5,"northern_canada, southern_alaska"
bahrain,Bahrain,persian_gulf,britain,britain,britain,britain,britain,britain,britain,bahrain,0,colony,4,1000,-1,1925,5,1250,400,2.5,0125000002,2,"arabia, qatar"
burma,Burma,benghal_sea,britain,britain,britain,britain,britain,britain,britain,burma,0,colony,5,1000,-1,1890,100,900,500,2.5,0125000002,2,"bangladesh, laos, malaya, north-east_frontier, southern_china, thailand"
qatar,Qatar,persian_gulf,greece,greece,greece,greece,britain,britain,britain,qatar,0,colony,2,2000,-1,1930,5,1700,500,2.5,0329999998,2,"arabia, bahrain"
ceylon,Ceylon,benghal_sea,britain,britain,britain,britain,britain,britain,britain,ceylon,0,colony,4.19999981,1000,-1,-1,0,0,0,2.5,0125000002,2,
djibouti,Djibouti,arabian_sea,france,france,france,france,france,france,france,djibouti,0,colony,4,1000,-1,1930,5,350,100,2.5,0125000002,2,"british_somaliland, eritrea, ethiopia"
eritrea,Eritrea,red_sea,italy,italy,italy,italy,italy,italy,italy,eritrea,0,colony,3,3000,-1,1930,5,400,100,2.5,0125000002,2,"djibouti, ethiopia, sudan"
western_india,Western India,arabian_sea,britain,britain,britain,britain,britain,britain,britain,india,0,colony,15,80000,-1,1890,100,250,1000,15,0125000002,2,"eastern_india, northern_india, pakistan"
eastern_india,Eastern India,benghal_sea,britain,britain,britain,britain,britain,britain,britain,india,0,colony,20,80000,-1,1890,100,550,1000,15,0125000002,2,"bangladesh, north-east_frontier, northern_india, western_india"
northern_india,Northern India,benghal_sea,britain,britain,britain,britain,britain,britain,britain,india,0,colony,10,80000,-1,1890,0,0,0,2.5,0125000002,2,"bangladesh, bhutan, eastern_india, kashmir, nepal, north-east_frontier, pakistan, tibet, western_india"
pakistan,Pakistan,arabian_sea,britain,britain,britain,britain,pakistan,pakistan,pakistan,pakistan,0,colony,6.5,80000,-1,1930,5,400,30,2.5,0125000002,2,"afghanistan, kashmir, northern_india, persia, western_india"
bangladesh,Bangladesh,benghal_sea,britain,britain,britain,britain,britain,britain,britain,bangladesh,0,colony,4.5,80000,-1,-1,0,0,0,2.5,0125000002,2,"bhutan, burma, eastern_india, northern_india"
kashmir,Kashmir,benghal_sea,britain,britain,britain,britain,britain,britain,britain,sikh,0,colony,3.5,0,-1,1930,5,700,200,2.5,0125000002,2,"afghanistan, northern_india, pakistan, tibet, xinjiang"
andaman_islands,Andaman Islands,benghal_sea,britain,britain,britain,britain,britain,britain,britain,india,0,colony,0.5,5000,-1,-1,0,0,0,2.5,0125000002,2,
persia,Persia,persian_gulf,greece,greece,greece,greece,greece,britain,britain,persia,0,colony,10,25000,-1,1905,15,4600,2000,7,0125000002,2,"afghanistan, armenia, azerbaijan, eastern_turkey, iraq, pakistan, turkmenistan"
iraq,Iraq,persian_gulf,greece,greece,greece,greece,britain,britain,britain,iraq,0,colony,6.80000019,13000,-1,1910,25,3500,2000,7,0329999998,2,"arabia, eastern_turkey, kuwait, persia, syria, transjordania"
kuwait,Kuwait,persian_gulf,greece,greece,greece,greece,greece,greece,greece,kuwait,0,colony,3.5,20000,-1,1930,10,2500,2000,2.5,0329999998,2,"arabia, iraq"
british_east_africa,British East Africa,indian_west,britain,britain,britain,britain,britain,britain,britain,kenya,0,colony,4,1000,-1,-1,0,0,0,2.5,0125000002,2,"ethiopia, italian_somaliland, south_sudan, tanganyika, uganda"
maldives,Maldives,arabian_sea,britain,britain,britain,britain,britain,britain,britain,maldives,0,colony,1.20000005,4000,-1,-1,0,0,0,2.5,0125000002,2,
seychelles,Seychelles,indian_west,britain,britain,britain,britain,britain,britain,britain,seychelles,0,colony,0.800000012,3000,-1,-1,0,0,0,2.5,0125000002,2,
comoros,Comoros,indian_west,france,france,france,france,france,france,france,comoros,0,colony,1.39999998,3000,-1,-1,0,0,0,2.5,0125000002,2,
mauritius,Mauritius,indian_west,britain,britain,britain,britain,britain,britain,britain,mauritius,0,colony,1.45000005,5500,-1,-1,0,0,0,2.5,0125000002,2,
reunion,Réunion,indian_west,france,france,france,france,france,france,france,reunion,0,colony,1.35000002,4500,-1,-1,0,0,0,2.5,0125000002,2,
madagascar,Madagascar,indian_west,france,france,france,france,france,france,france,madagascar,0,colony,5,5000,-1,-1,0,0,0,2.5,00850000046,2,
mozambique,Mozambique,indian_west,portugal,portugal,portugal,portugal,portugal,portugal,portugal,mozambique,0,colony,5,2000,-1,-1,0,0,0,2.5,00499999989,2,"northern_rhodesia, nyasaland, south_africa, southern_rhodesia, tanganyika, transvaal"
oman,Oman,arabian_sea,greece,greece,greece,greece,greece,greece,greece,oman,0,colony,3,2000,-1,1935,2,800,1000,7,0125000002,2,"arabia, trucial_states, yemen"
arabia,Arabia,persian_gulf,greece,greece,greece,greece,greece,greece,greece,arabia,0,colony,4.80000019,12000,-1,1930,20,10000,2000,15,0149999997,2,"bahrain, hejaz, iraq, kuwait, oman, qatar, transjordania, trucial_states, yemen"
hejaz,Hejaz,red_sea,greece,greece,greece,greece,greece,greece,greece,arabia,0,colony,5,20000,-1,1935,1,500,1000,15,0149999997,2,"arabia, transjordania, yemen"
british_somaliland,British Somaliland,arabian_sea,britain,britain,britain,britain,britain,britain,britain,somalia,0,colony,2,12000,-1,1930,4,400,100,2.5,0125000002,2,"djibouti, ethiopia, italian_somaliland"
italian_somaliland,Italian Somaliland,indian_west,italy,italy,italy,italy,italy,italy,italy,somalia,0,colony,3,1000,-1,1930,3,400,100,2.5,0125000002,2,"british_east_africa, british_somaliland, ethiopia"
sudan,Sudan,red_sea,britain,britain,britain,britain,britain,britain,britain,sudan,0,colony,5,5000,-1,1930,5,400,500,2.5,0125000002,2,"central_african_republic, chad, cyrenaica, eritrea, ethiopia, south_egypt, south_sudan, uganda"
tanganyika,Tanganyika,indian_west,germany,germany,germany,germany,britain,britain,britain,tanganyika,0,colony,5,1000,-1,1930,4,400,100,2.5,0125000002,2,"british_east_africa, burundi, congo_free_state, mozambique, northern_rhodesia, nyasaland, rwanda, uganda"
trucial_states,Trucial States,persian_gulf,britain,britain,britain,britain,britain,britain,britain,uae,0,colony,1.20000005,1000,-1,1930,5,600,500,2.5,0125000002,2,"arabia, oman"
yemen,Yemen,arabian_sea,greece,greece,greece,greece,greece,greece,greece,yemen,0,colony,3,1000,-1,1930,4,400,100,2.5,0350000001,2,"arabia, hejaz, oman"
zanzibar,Zanzibar,indian_west,britain,britain,britain,britain,britain,britain,britain,zanzibar,0,colony,1.5,1000,-1,1930,10,90,100,2.5,0125000002,2,
kerguelen_islands,Kerguelen Islands,indian_south,france,france,france,france,france,france,france,taaf,0,colony,0.100000001,3000,-1,1930,4,200,100,2.5,0125000002,2,
northeast_korea,Northeast Korea,japan_sea,japan,japan,japan,japan,japan,japan,japan,korea,0,colony,5.5,35000,-1,-1,0,0,0,7,0350000001,2,"liaodong_peninsula, manchuria, northwest_korea, southeast_korea"
northwest_korea,Northwest Korea,yellow_sea,japan,japan,japan,japan,japan,japan,japan,korea,0,colony,4.5,35000,-1,-1,0,0,0,7,0350000001,2,"liaodong_peninsula, northeast_korea, southeast_korea, southwest_korea"
southeast_korea,Southeast Korea,japan_sea,japan,japan,japan,japan,japan,japan,japan,korea,0,colony,4.5,50000,-1,-1,0,0,0,7,0350000001,2,"northeast_korea, northwest_korea, southwest_korea"
southwest_korea,Southwest Korea,yellow_sea,japan,japan,japan,japan,japan,japan,japan,korea,0,colony,6.5,50000,-1,-1,0,0,0,7,0350000001,2,"northwest_korea, southeast_korea"
northern_australia,Northern Australia,indonesian_sea,britain,britain,britain,britain,britain,britain,britain,australia,1,colony,8,30000,-1,1920,1,525,250,2.5,0125000002,2,"eastern_australia, western_australia"
western_australia,Western Australia,indian_east,britain,britain,britain,britain,britain,britain,britain,australia,1,colony,5,20000,-1,1920,5,525,250,2.5,0125000002,2,"eastern_australia, northern_australia"
eastern_australia,Eastern Australia,oceania_south,britain,britain,britain,britain,britain,britain,britain,australia,1,colony,10,20000,-1,1920,5,525,250,2.5,0125000002,2,"northern_australia, western_australia"
tasmania,Tasmania,oceania_south,britain,britain,britain,britain,britain,britain,britain,australia,0,colony,5,15000,-1,1930,1,200,100,2.5,0125000002,2,
bismarck_archipelago,Bismarck Archipelago,oceania_north,germany,germany,germany,germany,britain,britain,australia,bismarck_archipelago,0,colony,3,25000,-1,-1,0,0,0,2.5,0125000002,2,
caroline_islands,Caroline Islands,oceania_north,spain,spain,germany,germany,japan,japan,japan,caroline_islands,0,colony,2,15000,-1,1925,1,150,100,2.5,0125000002,2,
dutch_new_guinea,Dutch New Guinea,oceania_north,netherlands,netherlands,netherlands,netherlands,netherlands,netherlands,netherlands,dutch_new_guinea,0,colony,5,3000,-1,1930,5,600,500,2.5,0125000002,2,territory_of_papua
german_new_guinea,German New Guinea,oceania_north,germany,germany,germany,germany,britain,britain,australia,200,0,colony,5,15000,-1,1911,6,400,200,2.5,0125000002,2,
guam,Guam,philip_sea,spain,spain,usa,usa,usa,usa,usa,guam,0,colony,0.5,20000,-1,-1,0,0,0,2.5,0250000004,2,
new_zealand,New Zealand,oceania_south,britain,britain,britain,britain,britain,britain,britain,new_zealand,0,colony,10,3000,-1,1930,4,250,100,2.5,0125000002,2,
northern_marianas,Northern Marianas,philip_sea,spain,spain,germany,germany,japan,japan,japan,northern_marianas,0,colony,0.699999988,10000,-1,-1,0,0,0,2.5,0125000002,2,
solomon_islands,Solomon Islands,oceania_north,germany,germany,britain,britain,britain,britain,britain,solomon_islands,0,colony,2.5,25000,-1,-1,0,0,0,2.5,0125000002,2,
territory_of_papua,Territory of Papua,oceania_north,britain,britain,britain,britain,britain,britain,britain,papua,0,colony,3,1000,-1,1912,2,300,0,2.5,0125000002,2,dutch_new_guinea
ethiopia,Ethiopia,arabian_sea,italy,italy,italy,italy,italy,italy,italy,ethiopia,0,colony,5,0,-1,-1,0,0,0,7,0125000002,2,"british_east_africa, british_somaliland, djibouti, eritrea, italian_somaliland, south_sudan, sudan"
uganda,Uganda,indian_west,britain,britain,britain,britain,britain,britain,britain,uganda,0,colony,3,0,-1,-1,0,0,0,7,0125000002,2,"british_east_africa, congo_free_state, rwanda, south_sudan, sudan, tanganyika"
nyasaland,Nyasaland,indian_west,britain,britain,britain,britain,britain,britain,britain,nyasaland,0,colony,2,0,-1,-1,0,0,0,2.5,0125000002,2,"mozambique, northern_rhodesia, tanganyika"
southern_rhodesia,Southern Rhodesia,indian_west,britain,britain,britain,britain,britain,britain,britain,zimbabwe,0,colony,3.9000001,0,-1,-1,0,0,0,2.5,0125000002,2,"bechuanaland, mozambique, northern_rhodesia, south_africa"
northern_rhodesia,Northern Rhodesia,indian_west,britain,britain,britain,britain,britain,britain,britain,zambia,0,colony,4999999,0,-1,-1,0,0,0,2.5,0125000002,2,"angola, congo_free_state, mozambique, nyasaland, southern_rhodesia, tanganyika"
orange_free_state,Orange Free State,indian_west,britain,britain,britain,britain,britain,britain,britain,boer,0,colony,2.9000001,0,-1,-1,0,0,0,35,00499999989,2,"basutoland, south_africa, transvaal"
transvaal,Transvaal,indian_west,britain,britain,britain,britain,britain,britain,britain,transvaal,0,colony,3.5,0,-1,-1,0,0,0,35,00499999989,2,"mozambique, orange_free_state, south_africa, swaziland"
afghanistan,Afghanistan,arabian_sea,britain,britain,britain,britain,britain,britain,britain,afghanistan,0,colony,4,0,-1,1930,4,550,250,45,00600000005,6,"india, kashmir, pakistan, persia, tajikistan, turkmenistan, uzbekistan, xinjiang"
nepal,Nepal,benghal_sea,britain,britain,britain,britain,britain,britain,britain,nepal,0,colony,3,0,-1,-1,0,0,0,25,0125000002,6,"bhutan, northern_india, tibet"
bhutan,Bhutan,benghal_sea,britain,britain,britain,britain,britain,britain,britain,bhutan,0,colony,1.5,0,-1,-1,0,0,0,2,0125000002,6,"bangladesh, nepal, north-east_frontier, northern_india, tibet"
tibet,Tibet,benghal_sea,china,china,china,china,china,china,china,tibet,1,home,5,0,-1,1920,00499999989,750,500,15,00999999978,5,"bhutan, central_china, kashmir, nepal, north-east_frontier, northern_india, xinjiang"
xinjiang,Xinjiang,benghal_sea,china,china,china,china,china,china,china,xinjiang,1,home,9,0,-1,1920,5,3500,500,12,0149999997,3,"afghanistan, central_china, kashmir, kazakhstan, kyrgyzstan, mongolia, northern_china, siberian_russia, tajikistan, tibet"
kazakhstan,Kazakhstan,arabian_sea,russia,russia,russia,russia,russia,russia,russia,kazakhstan,0,colony,5.5,0,-1,1897,15,650,2000,10,0125000002,3,"central_russia, kyrgyzstan, northern_russia, siberian_russia, southern_russia, uzbekistan, xinjiang"
uzbekistan,Uzbekistan,arabian_sea,russia,russia,russia,russia,russia,russia,russia,uzbekistan,0,colony,2.75,0,-1,1930,2,400,2000,10,0125000002,3,"afghanistan, kazakhstan, kyrgyzstan, tajikistan, turkmenistan"
turkmenistan,Turkmenistan,arabian_sea,russia,russia,russia,russia,russia,russia,russia,turkmenistan,0,colony,3,0,-1,1900,5,400,250,10,0125000002,3,"afghanistan, persia, uzbekistan"
kyrgyzstan,Kyrgyzstan,arabian_sea,russia,russia,russia,russia,russia,russia,russia,kyrgyzstan,0,colony,2,0,-1,1910,10,200,100,10,0125000002,3,"kazakhstan, tajikistan, uzbekistan, xinjiang"
tajikistan,Tajikistan,arabian_sea,russia,russia,russia,russia,russia,russia,russia,tajikistan,0,colony,2.5,0,-1,1930,5,75,35,10,0125000002,3,"afghanistan, kyrgyzstan, uzbekistan, xinjiang"
albania,Albania,adriatic,greece,greece,greece,greece,italy,italy,italy,albania,0,colony,3,2000,-1,1930,10,100,100,7,0329999998,3,"central_balkans, kosovo, montenegro, northern_greece"
galicia,Galicia,adriatic,austria,austria,austria,austria,austria,austria,austria,slovakia,1,home,17.5,180000,-1,1893,55,100,320,2.5,0125000002,3,"austria, bohemia-moravia, eastern_poland, hungary, ukraine"
bohemia-moravia,Bohemia-Moravia,adriatic,austria,austria,austria,austria,austria,austria,austria,czechia,1,home,10.5,180000,-1,-1,0,0,0,7,0125000002,3,"austria, eastern_germany, eastern_poland, galicia, poland, southern_germany"
hungary,Hungary,adriatic,austria,austria,austria,austria,austria,austria,austria,hungary,1,home,25.5,180000,-1,-1,0,0,0,7,0125000002,3,"austria, croatia, galicia, romania, serbia, slovenia, ukraine"
austria,Austria,adriatic,austria,austria,austria,austria,austria,austria,austria,austrianew,1,home,25.5,180000,-1,-1,0,0,0,7,0500000007,3,"bohemia-moravia, galicia, hungary, northeast_italy, slovenia, southern_germany, switzerland"
croatia,Croatia,adriatic,austria,austria,austria,austria,austria,austria,austria,croatia,1,home,12.5,120000,-1,-1,0,0,0,7,0500000007,2,"bosnia_&_herzegovina, hungary, montenegro, northeast_italy, serbia, slovenia"
slovenia,Slovenia,adriatic,austria,austria,austria,austria,austria,austria,austria,slovenia,1,home,4.5,0,-1,-1,0,0,0,7,0500000007,2,"austria, croatia, hungary, northeast_italy"
bosnia_&_herzegovina,Bosnia & Herzegovina,adriatic,austria,austria,austria,austria,austria,austria,austria,bosnia,1,home,5,0,-1,-1,0,0,0,7,0500000007,2,"croatia, montenegro, serbia"
dardanelles,Dardanelles,aegean,greece,greece,greece,greece,greece,greece,greece,greece,1,home,2,80000,-1,-1,0,0,0,2.5,0299999993,2,"bosporus, western_turkey"
western_turkey,Western Turkey,aegean,greece,greece,greece,greece,greece,greece,greece,greece,1,home,6,80000,-1,1930,1,150,100,6,0.119999997,2,"dardanelles, eastern_turkey, northern_turkey, southern_turkey"
northern_greece,Northern Greece,aegean,greece,greece,greece,greece,greece,greece,greece,greece,1,home,8.5,30000,-1,-1,0,0,0,33,0500000007,5,"albania, bosporus, bulgaria, central_balkans, eastern_rumelia, southern_greece"
southern_greece,Southern Greece,aegean,greece,greece,greece,greece,greece,greece,greece,greece,1,home,10,35000,-1,1930,1,200,100,33,0610000007,5,northern_greece
crete,Crete,aegean,greece,greece,greece,greece,greece,greece,greece,greece,1,home,3,35000,-1,1930,2,200,100,33,0599999987,8,
northeast_italy,Northeast Italy,adriatic,italy,italy,italy,italy,italy,italy,italy,italy,1,home,27,100000,-1,-1,0,0,0,7,0125000002,2,"austria, central_italy, croatia, northwest_italy, slovenia, switzerland"
southern_italy,Southern Italy,adriatic,italy,italy,italy,italy,italy,italy,italy,italy,1,home,20,120000,-1,-1,0,0,0,7,0299999993,2,central_italy
central_italy,Central Italy,medit2,italy,italy,italy,italy,italy,italy,italy,italy,1,home,24,80000,-1,-1,0,0,0,7,0299999993,2,"northeast_italy, northwest_italy, southern_italy"
malta,Malta,medit3,britain,britain,britain,britain,britain,britain,britain,malta,0,colony,2,25000,-1,-1,0,0,0,2.5,0125000002,2,
montenegro,Montenegro,adriatic,austria,austria,austria,austria,austria,austria,austria,serbia,0,colony,2,8000,-1,-1,0,0,0,2.5,0199999996,3,"albania, bosnia_&_herzegovina, central_balkans, croatia, kosovo, serbia"
dodecanese,Dodecanese,aegean,greece,greece,greece,greece,greece,greece,greece,greece,0,colony,2,20000,-1,-1,0,0,0,2.5,0299999993,6,
eastern_sicily,Eastern Sicily,medit3,italy,italy,italy,italy,italy,italy,italy,italy,1,home,7,45000,-1,1930,2,100,60,2.5,0299999993,2,western_sicily
tunisia,Tunisia,medit3,france,france,france,france,france,france,france,tunisia,0,colony,3,20000,-1,1930,5,375,200,7,00999999978,2,"northern_algeria, southern_algeria, tripolitania"
switzerland,Switzerland,adriatic,switzerland,switzerland,switzerland,switzerland,switzerland,switzerland,switzerland,switzerland,0,country,15,0,-1,-1,0,0,0,2.5,0299999993,7,"austria, northeast_italy, northern_france, northwest_italy, southern_france, southern_germany"
serbia,Serbia,adriatic,austria,austria,austria,austria,austria,austria,austria,serbia,0,colony,5,0,-1,-1,0,0,0,2.5,0399999991,3,"bosnia_&_herzegovina, bulgaria, central_balkans, croatia, hungary, kosovo, montenegro, romania"
central_balkans,Central Balkans,adriatic,greece,greece,greece,greece,greece,greece,greece,serbia,0,colony,3.5,0,-1,-1,0,0,0,7,0199999996,2.5,"albania, bulgaria, eastern_rumelia, kosovo, montenegro, northern_greece, serbia"
east_greenland,East Greenland,denmark_strait,scandinavia,scandinavia,scandinavia,scandinavia,scandinavia,scandinavia,scandinavia,greenland,0,colony,0.5,7000,-1,1920,1,900,500,2.5,0125000002,2,west_greenland
west_greenland,West Greenland,labrador_sea,scandinavia,scandinavia,scandinavia,scandinavia,scandinavia,scandinavia,scandinavia,greenland,0,colony,0.5,7000,-1,1920,1,900,500,2.5,0125000002,2,east_greenland
central_canada,Central Canada,n_am_east,britain,britain,britain,britain,britain,britain,britain,canada,0,country,7.5,100000,-1,-1,0,0,0,2.5,0125000002,2,"canadian_prairies, central_usa, eastern_usa, maine, new_brunswick, new_foundland, northern_canada"
canadian_prairies,Canadian Prairies,n_am_east,britain,britain,britain,britain,britain,britain,britain,canada,0,colony,5,100000,-1,1890,100,550,1200,2.5,0125000002,2,"british_columbia, central_canada, central_usa, eastern_usa, maine, new_brunswick, new_foundland, western_usa"
northern_canada,Northern Canada,labrador_sea,britain,britain,britain,britain,britain,britain,britain,canada,0,colony,1.5,100000,-1,1920,2,1000,500,2.5,0125000002,2,"british_columbia, central_canada, northern_alaska, southern_alaska"
south_sudan,South Sudan,red_sea,britain,britain,britain,britain,britain,britain,britain,sudan,0,colony,3,0,-1,1930,3,600,700,2.5,0125000002,2,"british_east_africa, central_african_republic, congo_free_state, ethiopia, sudan, uganda"
north_sakhalin,North Sakhalin,οkhotsk_sea,russia,russia,russia,russia,russia,russia,russia,sakhalin,0,colony,3.5,40000,-1,1920,2,400,500,3,0125000002,2,south_sakhalin
south_sakhalin,South Sakhalin,japan_sea,russia,russia,russia,japan,japan,japan,japan,sakhalin,0,colony,2.5,40000,-1,1920,2,400,500,3,0125000002,2,north_sakhalin
tripolitania,Tripolitania,medit3,greece,greece,greece,greece,italy,italy,italy,libya,0,colony,3,25000,-1,1925,5,850,1000,15,0299999993,1.5,"cyrenaica, fezzan-ghadames, northern_algeria, southern_algeria, tunisia"
cyrenaica,Cyrenaica,medit3,greece,greece,greece,greece,italy,italy,italy,libya,0,colony,3.5,25000,-1,1925,10,1100,1000,15,0299999993,1.5,"chad, fezzan-ghadames, north_egypt, south_egypt, sudan, tripolitania"
fezzan-ghadames,Fezzan-Ghadames,medit3,greece,greece,greece,greece,italy,italy,italy,libya,0,colony,2,25000,-1,1925,7,750,1000,15,0299999993,1.5,"chad, cyrenaica, niger, southern_algeria, tripolitania"
northern_algeria,Northern Algeria,medit2,france,france,france,france,france,france,france,algeria,0,colony,4,4000,-1,1930,5,200,100,7,0125000002,2,"morocco, southern_algeria, tripolitania, tunisia"
southern_algeria,Southern Algeria,medit2,france,france,france,france,france,france,france,algeria,0,colony,1.5,4000,-1,1930,2,300,100,7,0125000002,2,"fezzan-ghadames, french_sudan, mauritania, morocco, niger, northern_algeria, tripolitania, tunisia, western_sahara"
north_egypt,Northern Egypt,medit,britain,britain,britain,britain,britain,britain,britain,egypt,0,colony,12,45000,-1,1890,100,950,1000,15,0299999993,1.5,"cyrenaica, palestine"
south_egypt,Southern Egypt,red_sea,britain,britain,britain,britain,britain,britain,britain,egypt,0,colony,8,25000,-1,1912,10,450,1000,15,0299999993,1.5,"cyrenaica, sudan"
north_brazil,Northern Brazil,c_atlantic,portugal,portugal,portugal,portugal,portugal,portugal,portugal,brazil,1,colony,7.5,45000,-1,1930,5,800,300,7,0299999993,2,"bolivia, british_guiana, french_guiana, peru, south_brazil, southern_colombia, suriname, venezuela"
south_brazil,Southern Brazil,s_am_east,portugal,portugal,portugal,portugal,portugal,portugal,portugal,brazil,1,colony,9.5,45000,-1,1930,5,800,300,7,0299999993,2,"argentina, argentina,, bolivia, north_brazil, paraguay, peru, uruguay"
eastern_sweden,Eastern Sweden,baltic,scandinavia,scandinavia,scandinavia,scandinavia,scandinavia,scandinavia,scandinavia,sweden,0,home,6,75000,-1,-1,0,0,0,7,0390000008,3,"northern_finland, northern_norway, southern_norway, western_sweden"
western_sweden,Western Sweden,n_sea,scandinavia,scandinavia,scandinavia,scandinavia,scandinavia,scandinavia,scandinavia,sweden,0,home,6,75000,-1,-1,0,0,0,7,0390000008,3,"eastern_sweden, southern_norway"
northern_norway,Northern Norway,arctic,scandinavia,scandinavia,scandinavia,scandinavia,scandinavia,scandinavia,scandinavia,norway,0,home,6,60000,-1,1930,5,200,150,7,0549999997,3,"eastern_sweden, northern_finland, southern_norway"
southern_norway,Southern Norway,n_sea,scandinavia,scandinavia,scandinavia,scandinavia,scandinavia,scandinavia,scandinavia,norway,0,home,6,60000,-1,1930,5,200,150,7,0500000007,3,"eastern_sweden, northern_norway, western_sweden"
eastern_denmark,Eastern Denmark,baltic,scandinavia,scandinavia,scandinavia,scandinavia,scandinavia,scandinavia,scandinavia,denmark,0,home,5,40000,-1,1925,2,200,100,5,0299999993,4,"eastern_germany, western_denmark, western_germany"
western_denmark,Western Denmark,n_sea,scandinavia,scandinavia,scandinavia,scandinavia,scandinavia,scandinavia,scandinavia,denmark,0,home,4.5,30000,-1,1925,2,200,100,5,0299999993,4,"eastern_denmark, eastern_germany, western_germany"
northern_finland,Northern Finland,baltic,russia,russia,russia,russia,scandinavia,scandinavia,scandinavia,finland,0,colony,3,40000,-1,1930,3,400,100,7,0299999993,3,"eastern_sweden, northern_norway, northern_russia, southern_finland"
southern_finland,Southern Finland,baltic,russia,russia,russia,russia,scandinavia,scandinavia,scandinavia,finland,0,colony,4,40000,-1,1930,3,400,100,7,0299999993,3,"central_russia, northern_finland, northern_russia"
northern_russia,Northern Russia,arctic,russia,russia,russia,russia,russia,russia,russia,russia,1,home,4,150000,-1,1925,15,1000,2500,7,0299999993,3,"belarus, central_russia, esthonia, kazakhstan, latvia, northern_finland, siberian_russia, southern_finland, southern_russia, ukraine"
crimaia,Crimea,b_sea,russia,russia,russia,russia,russia,russia,russia,ukraine,1,colony,5,90000,-1,1930,1,900,200,7,0299999993,2,ukraine
new_foundland,Newfoundland,labrador_sea,britain,britain,britain,britain,britain,britain,britain,canada,0,colony,5,30000,-1,-1,0,0,0,2.5,0125000002,2,"canadian_prairies, central_canada"
west_phillipinnes,West Philippines,se_asia,spain,spain,usa,usa,usa,usa,usa,phillipinnes,0,colony,5,35000,-1,1895,4,100,100,7,0125000002,2,
east_phillipinnes,East Philippines,philip_sea,spain,spain,usa,usa,usa,usa,usa,phillipinnes,0,colony,4,35000,-1,1895,4,100,100,7,0125000002,2,
portuguese_congo,Portuguese Congo,w_africa,portugal,portugal,portugal,portugal,portugal,portugal,portugal,congo,0,colony,1.20000005,12000,-1,1930,1,100,100,7,0125000002,2,"congo_free_state, middle_congo"
swaziland,Swaziland,indian_west,britain,britain,britain,britain,britain,britain,britain,swaziland,0,colony,1.29999995,0,-1,-1,0,0,0,15,00499999989,2,"south_africa, transvaal"
basutoland,Basutoland,indian_west,britain,britain,britain,britain,britain,britain,britain,lesotho,0,colony,1.20000005,0,-1,-1,0,0,0,15,00499999989,2,"orange_free_state, south_africa"
rwanda,Rwanda,indian_west,germany,germany,germany,germany,britain,britain,britain,rwanda,0,colony,1.20000005,1000,-1,1930,1,100,70,2.5,0125000002,2,"burundi, congo_free_state, tanganyika, uganda"
burundi,Burundi,indian_west,germany,germany,germany,germany,britain,britain,britain,rwanda,0,colony,1.10000002,1000,-1,1930,1,100,70,2.5,0125000002,2,"congo_free_state, rwanda, tanganyika"
esthonia,Estonia,baltic,russia,russia,russia,russia,russia,russia,russia,esthonia,1,colony,2.5,120000,-1,-1,0,0,0,5,0299999993,2,"central_russia, latvia, northern_russia"
timor,Timor,indonesian_sea,portugal,portugal,portugal,portugal,portugal,portugal,portugal,timor,0,colony,1.75,35000,-1,-1,0,0,0,2.5,0125000002,2,
north-east_frontier,North-East Frontier,benghal_sea,britain,britain,britain,britain,britain,britain,britain,india,0,colony,1.25,0,-1,-1,0,0,0,2,0125000002,6,"bhutan, burma, eastern_india, northern_india, tibet"
faroe_islands,Faroe Islands,n_sea,scandinavia,scandinavia,scandinavia,scandinavia,scandinavia,scandinavia,scandinavia,denmark,0,colony,0.25,10000,-1,-1,0,0,0,00999999978,0299999993,4,
shetland,Shetland,n_sea,britain,britain,britain,britain,britain,britain,britain,scotland,0,home,0.150000006,10000,-1,-1,0,0,0,00999999978,0299999993,4,
balearic_islands,Balearic Islands,medit2,spain,spain,spain,spain,spain,spain,spain,spain,1,home,1,15000,-1,-1,0,0,0,2.5,0125000002,2,
kosovo,Kosovo,adriatic,greece,greece,greece,greece,austria,austria,austria,serbia,0,colony,2,0,-1,-1,0,0,0,7,0199999996,2.5,"albania, central_balkans, montenegro, serbia"
british_honduras,Guatemala,s_am_west,spain,spain,spain,spain,spain,spain,spain,british_honduras,0,colony,3.20000005,15000,-1,-1,0,0,0,7,0125000002,2,"belize, eastern_mexico, el_salvador, honduras, southwest_mexico"
belize,Belize,caribbean,britain,britain,britain,britain,britain,britain,britain,belize,0,colony,1.60000002,15000,-1,-1,0,0,0,7,0125000002,2,"british_honduras, eastern_mexico"
el_salvador,El Salvador,s_am_west,spain,spain,spain,spain,spain,spain,spain,salvador_c,0,colony,1.39999998,15000,-1,-1,0,0,0,7,0125000002,2,"british_honduras, honduras"
poland,Western Poland,baltic,germany,germany,germany,germany,germany,germany,germany,poland,1,colony,14,0,-1,-1,0,0,0,2.5,0299999993,2,"bohemia-moravia, eastern_germany, eastern_poland, prussia"
eastern_poland,Eastern Poland,baltic,russia,russia,russia,russia,russia,russia,russia,poland,1,colony,10,0,-1,-1,0,0,0,2.5,0299999993,2,"belarus, bohemia-moravia, galicia, poland, prussia, ukraine"
western_mexico,Northwest Mexico,n_am_west,spain,spain,spain,spain,spain,spain,spain,mexico,0,colony,4.5,10000,-1,1920,4,800,400,2.5,0125000002,2,"eastern_mexico, gulf_coast, western_usa"
northeast_mexico,Northeast Mexico,mex_coast,spain,spain,spain,spain,spain,spain,spain,mexico,0,colony,6.5,10000,-1,1920,2,800,400,2.5,0125000002,2,"eastern_mexico, gulf_coast, southwest_mexico, western_usa"
eastern_mexico,Southeast Mexico,mex_coast,spain,spain,spain,spain,spain,spain,spain,mexico,0,colony,6.5,25000,-1,1925,5,900,500,7,0125000002,2,"belize, british_honduras, northeast_mexico, western_mexico"
southwest_mexico,Southwest Mexico,n_am_west,spain,spain,spain,spain,spain,spain,spain,mexico,0,colony,3.5,15000,-1,1925,5,900,500,7,0125000002,2,"british_honduras, northeast_mexico"
southern_siberia,Southern Siberia,οkhotsk_sea,russia,russia,russia,russia,russia,russia,russia,russia,1,home,0.400000006,0,-1,1930,1,1000,500,2.5,0125000002,5,"eastern_siberia, kamchatka, russian_far_east, siberian_russia"
